agent_code,nill_probability,risk_segment
de9a845f,0.25918254617447384,Medium-Low Risk
1450745b,0.3103537601341197,Medium-Low Risk
5c4dd08c,0.13941569411694033,Low Risk
3c7a8b50,0.22855614043632264,Low Risk
3dd0c2a1,0.3910380498701996,Medium-Low Risk
c698da4c,0.4445006868332989,Medium-Low Risk
89a8cb39,0.45941640364630537,Medium-Low Risk
1de378ca,0.4171307793940643,Medium-Low Risk
c158de38,0.32090647765270935,Medium-Low Risk
fe7e49da,0.1803242641697633,Low Risk
44c6464f,0.5622749978954579,Medium-High Risk
f6747d56,0.4000580070812271,Medium-Low Risk
ff955d18,0.30227931085031917,Medium-Low Risk
56df72a9,0.17299933574609735,Low Risk
7827b6dc,0.6039390465118396,Medium-High Risk
4ec46520,0.276682535088441,Medium-Low Risk
2022f5a4,0.27074281694914426,Medium-Low Risk
0a75b64a,0.7255468961250268,Medium-High Risk
c58bfa6e,0.8333666146554816,High Risk
f3d2946a,0.35044131725510375,Medium-Low Risk
34ffbdb5,0.22859070338880166,Low Risk
3eaca3a0,0.6726653947276279,Medium-High Risk
e4c90b16,0.4283035546541173,Medium-Low Risk
3d94a6e8,0.23201659983532388,Low Risk
b4d52fea,0.15390880929949577,Low Risk
ed1ab276,0.6447817374006551,Medium-High Risk
904e6c62,0.09262002942096906,Low Risk
b40d8f4e,0.5386440632154817,Medium-High Risk
4ca77240,0.18051831699387455,Low Risk
9e6b324e,0.3439060305881209,Medium-Low Risk
3df612f0,0.39120368769957314,Medium-Low Risk
7cca0fc1,0.3563974314248346,Medium-Low Risk
833d1afb,0.13490276694040104,Low Risk
b18f0678,0.3611150000647858,Medium-Low Risk
bf8243b7,0.46079480143317025,Medium-Low Risk
1d8f94c7,0.2871637573619287,Medium-Low Risk
cacadff9,0.28199177760075644,Medium-Low Risk
8f887bfa,0.18328826358112613,Low Risk
edfd2d27,0.48967769917160253,Medium-Low Risk
5287392d,0.012873949186373869,Low Risk
096ab135,0.24124312776390666,Low Risk
8c4fd446,0.555184276961938,Medium-High Risk
3ec02013,0.4876245498725062,Medium-Low Risk
7d65dcb3,0.3576991376413014,Medium-Low Risk
4a0b5fa3,0.376052153722553,Medium-Low Risk
fd85f614,0.20460604925699624,Low Risk
7.28E+05,0.44352716678925647,Medium-Low Risk
c724fffa,0.1615217239454275,Low Risk
d79899e1,0.19593165637632862,Low Risk
9494149d,0.06912850892672165,Low Risk
2b4416f2,0.5173932621884453,Medium-High Risk
55e876fa,0.3345625463094366,Medium-Low Risk
88c2ff7a,0.09333877802460655,Low Risk
c557ab5f,0.3784005425293355,Medium-Low Risk
1b6476ac,0.14417351765432784,Low Risk
e930f449,0.5398078176380194,Medium-High Risk
471fdac3,0.28515932433939634,Medium-Low Risk
944d7abd,0.3790070067727879,Medium-Low Risk
084c02de,0.19298165469080925,Low Risk
8f0e0595,0.03548281266010268,Low Risk
9fe0462c,0.22554363292811666,Low Risk
df6c6fee,0.09803453054797308,Low Risk
963a1048,0.33632386433148187,Medium-Low Risk
64dbef0d,0.22515991774999095,Low Risk
b1dc3ef9,0.07946809674126824,Low Risk
5d8cf04d,0.11671319360092788,Low Risk
6951b407,0.007978354043734788,Low Risk
1235ad70,0.2531008698159952,Medium-Low Risk
458aa9db,0.21917800534723358,Low Risk
f236ae90,0.13824850718982193,Low Risk
44e1a8af,0.40494054807196944,Medium-Low Risk
7bd02f08,0.5889099075030779,Medium-High Risk
e37f0d57,0.17176738483708748,Low Risk
7f45d13e,0.10657336104555518,Low Risk
145cbf5b,0.19586706304490575,Low Risk
4c33101d,0.08859298656465407,Low Risk
42df1e2f,0.43532149979380713,Medium-Low Risk
47c3bcc3,0.04373081247912899,Low Risk
7dc61c41,0.2972619158578512,Medium-Low Risk
bbbcdb24,0.22955090126155647,Low Risk
f72d36a1,0.06960733248511682,Low Risk
86c4b14c,0.21627254971804266,Low Risk
bdf1f1ff,0.2129997548127927,Low Risk
ced0898f,0.3524440307106266,Medium-Low Risk
d94be574,0.23852687979175388,Low Risk
7f8d4215,0.24184755091219928,Low Risk
71c650c2,0.08470928958801521,Low Risk
11b6f9e5,0.12655180938177632,Low Risk
bc9e6c5d,0.27472949459864277,Medium-Low Risk
430152bb,0.4286552088396223,Medium-Low Risk
ea128aeb,0.31208309541414686,Medium-Low Risk
5b3a18f8,0.11769281283584061,Low Risk
cdbf502d,0.0770551627218512,Low Risk
8f4643ab,0.2643505463378516,Medium-Low Risk
d59044e1,0.58526232097392,Medium-High Risk
35dd02c7,0.26551213672401175,Medium-Low Risk
d9d6b210,0.3268460870497717,Medium-Low Risk
6f0bb1b5,0.23416178566836454,Low Risk
f572dd78,0.3164427040566173,Medium-Low Risk
6698f96f,0.32337520932139274,Medium-Low Risk
73fc3821,0.14905546785119278,Low Risk
47e9a908,0.250208829981839,Medium-Low Risk
b7599490,0.3463876729245115,Medium-Low Risk
4aa2a587,0.24776145876274172,Low Risk
6d680538,0.1595008646188723,Low Risk
f20adb4a,0.1819575775116081,Low Risk
cb64180e,0.41689086260850805,Medium-Low Risk
a02f250c,0.053583860981770426,Low Risk
e0a2ad11,0.395356385747171,Medium-Low Risk
0439a5fc,0.12304716210961489,Low Risk
bcb430e3,0.20759710729281675,Low Risk
461a76aa,0.4668817779347765,Medium-Low Risk
57838cf4,0.2255536963466248,Low Risk
7abe34d0,0.5377063108130039,Medium-High Risk
647b43a4,0.3573274813639794,Medium-Low Risk
6643513a,0.065477552923998,Low Risk
9d27a440,0.6230552005635731,Medium-High Risk
65ca2c59,0.1316982724644828,Low Risk
264728f9,0.3295095140747304,Medium-Low Risk
5e628af1,0.12904640709850282,Low Risk
c30cd7d8,0.5513896121567379,Medium-High Risk
d6d1f534,0.3770025723382631,Medium-Low Risk
0599fb2d,0.5327321171247998,Medium-High Risk
64850856,0.06461840351758363,Low Risk
ac15ff9e,0.23040165323170844,Low Risk
7d9166e2,0.5157160652594932,Medium-High Risk
789ec6d8,0.18861493822088587,Low Risk
358091af,0.3362439400861755,Medium-Low Risk
44303003,0.26936418726255246,Medium-Low Risk
140655a0,0.04278118685762709,Low Risk
ff8edcc9,0.08338370021942679,Low Risk
9bf16323,0.26502847051029016,Medium-Low Risk
f846850b,0.2080667684179161,Low Risk
779a11fe,0.16277910821837538,Low Risk
ac3e254b,0.10434156383498899,Low Risk
f96847e4,0.5545948598991693,Medium-High Risk
e6571109,0.17306626480896628,Low Risk
041aede5,0.07373663571156594,Low Risk
e6ecff55,0.6374976104830314,Medium-High Risk
8f132aa4,0.21910867071176743,Low Risk
04cd94ce,0.39419574451463907,Medium-Low Risk
ca469b41,0.10873547884801682,Low Risk
9ca2a7ff,0.009428181084425964,Low Risk
0330163d,0.26224895100336193,Medium-Low Risk
8813423f,0.08816680167389486,Low Risk
0879757d,0.26215838654763707,Medium-Low Risk
27be2ac1,0.2032049072237582,Low Risk
0d045ee9,0.07782722992872614,Low Risk
6a0d02ea,0.10200629974063996,Low Risk
cdb79d6f,0.5508056221768767,Medium-High Risk
98da75b8,0.19752889568317444,Low Risk
d39eadba,0.41168155392837175,Medium-Low Risk
f2c082c3,0.26248476852938385,Medium-Low Risk
b0bc7872,0.24377110284771225,Low Risk
32cc5ccc,0.223178920060476,Low Risk
7.02E+05,0.3646555707846339,Medium-Low Risk
3363b8d9,0.6356781659557552,Medium-High Risk
70835cbd,0.48380437114282704,Medium-Low Risk
d2b2da59,0.44381970764505685,Medium-Low Risk
580d98ee,0.4617786514636936,Medium-Low Risk
a7c9fb50,0.15405217386566566,Low Risk
3fae68fe,0.09090223288475957,Low Risk
b2ee1ee7,0.3779372222413737,Medium-Low Risk
7fe3706e,0.24496010565778678,Low Risk
77831d24,0.38631562687619836,Medium-Low Risk
c7ee131e,0.3128627272501195,Medium-Low Risk
38aaffd5,0.13333751872451266,Low Risk
e73014ba,0.029653602778632444,Low Risk
dfc23d44,0.5601699670947276,Medium-High Risk
b1730def,0.17046187269878882,Low Risk
9.63E+09,0.07665440016281985,Low Risk
c2893bda,0.26941616240191835,Medium-Low Risk
f79f587e,0.13472119770837493,Low Risk
d1498ea3,0.31984776672531046,Medium-Low Risk
a30df4f5,0.3531452970935072,Medium-Low Risk
396d8793,0.1514584127004323,Low Risk
068c4b6c,0.39048859197021846,Medium-Low Risk
79ba72f9,0.3868333059110479,Medium-Low Risk
acdb0c76,0.35580359371577225,Medium-Low Risk
71607bc6,0.06519769824285652,Low Risk
1630a967,0.27283608294584377,Medium-Low Risk
fb4e1419,0.31816286071649696,Medium-Low Risk
c488b483,0.39080851336556216,Medium-Low Risk
eed4e1bc,0.354176901066039,Medium-Low Risk
13e6e2f9,0.4437811817811397,Medium-Low Risk
59f2fa1d,0.21918158117286674,Low Risk
7e01dea3,0.11193416140646519,Low Risk
6aae1684,0.26579774753801594,Medium-Low Risk
ad927b09,0.240776574074847,Low Risk
c3e9a960,0.3846835447280401,Medium-Low Risk
38203463,0.2234865705685831,Low Risk
6f2f687a,0.41867032438796603,Medium-Low Risk
adbe5d94,0.43332644046554264,Medium-Low Risk
6e725ba0,0.4495078205686289,Medium-Low Risk
1bafe9a2,0.2345583436269783,Low Risk
bc913ebe,0.68800630997185,Medium-High Risk
5fe00842,0.32572575605662707,Medium-Low Risk
ab5e22f2,0.6685532450216767,Medium-High Risk
1d06e191,0.4382358467450711,Medium-Low Risk
0aaac9a7,0.3878463734349542,Medium-Low Risk
1ab4c789,0.09278770826882994,Low Risk
cbb419aa,0.40810718487845216,Medium-Low Risk
39f484d0,0.19128591403683093,Low Risk
3d15739c,0.5521994329654004,Medium-High Risk
a7b58a6a,0.3761971558396445,Medium-Low Risk
bbb7ba71,0.3484403780357961,Medium-Low Risk
470d81d4,0.08688540770256889,Low Risk
f42b6c53,0.022698726903488373,Low Risk
54ca74d2,0.2568272765500974,Medium-Low Risk
aeec664e,0.18038521542295127,Low Risk
d036ff5d,0.06840977066237279,Low Risk
10944892,0.1631226105447621,Low Risk
11ddf2a7,0.36717943581654194,Medium-Low Risk
92dd19af,0.21902159333081142,Low Risk
3417ed0a,0.19242027656858146,Low Risk
a14ecd6f,0.053193062346364096,Low Risk
bdb489c0,0.6810221013047116,Medium-High Risk
e906fb9f,0.10702890558828043,Low Risk
d619d6ac,0.19544937521972489,Low Risk
e17cec52,0.12244308229191939,Low Risk
f9e8393e,0.32843623333848065,Medium-Low Risk
2d115488,0.3302550379459806,Medium-Low Risk
750fb3a2,0.705614738320656,Medium-High Risk
0fd5804f,0.197318004474452,Low Risk
3e53c636,0.5144450449891931,Medium-High Risk
51321fa2,0.6704758176878023,Medium-High Risk
786ddd95,0.34284328638528067,Medium-Low Risk
393f3bf6,0.38846329910896643,Medium-Low Risk
3515f968,0.21673615109297226,Low Risk
844e21a0,0.13002149945949054,Low Risk
087ef587,0.3832482063470135,Medium-Low Risk
26142387,0.1495495687034268,Low Risk
8e2e35c7,0.04778812076335243,Low Risk
6289cef1,0.4957510098960544,Medium-Low Risk
e07699d8,0.5661279468079246,Medium-High Risk
8dab5c95,0.3290465959220939,Medium-Low Risk
ae14c4be,0.3691377530227191,Medium-Low Risk
45910031,0.4684806254780813,Medium-Low Risk
7.99E+12,0.5596101493428557,Medium-High Risk
fbc89964,0.11048283337870908,Low Risk
b1e0ad90,0.4731780742684117,Medium-Low Risk
ef328cab,0.2428964546588613,Low Risk
a9b4595f,0.07846631175509464,Low Risk
deb74689,0.14345823952002165,Low Risk
b6418dc2,0.13256660341725704,Low Risk
4eb0e534,0.5905644531448724,Medium-High Risk
d7f98932,0.36844836118077773,Medium-Low Risk
95185021,0.22083580384878856,Low Risk
862e2590,0.5174618193975346,Medium-High Risk
1c413762,0.2629618721361155,Medium-Low Risk
deae5754,0.2731470070028412,Medium-Low Risk
3383fd5c,0.18164210218685764,Low Risk
f5fbcc73,0.27837085511690746,Medium-Low Risk
1ee2b2ae,0.342585604954797,Medium-Low Risk
c7627e42,0.355183225447175,Medium-Low Risk
fb219038,0.034992357862307755,Low Risk
d67db6dc,0.16871192517896005,Low Risk
1e3e90f3,0.1424334372071734,Low Risk
ea99911b,0.1310454125173578,Low Risk
ec18a7a2,0.06881491428604142,Low Risk
c9978400,0.3388954826271084,Medium-Low Risk
deed0e45,0.3380667746451119,Medium-Low Risk
8ac71189,0.5040945104619275,Medium-High Risk
4d543192,0.28215434183586263,Medium-Low Risk
b9a1ddb2,0.4663013675867006,Medium-Low Risk
8afae4e5,0.08788202280041164,Low Risk
ea08d6a6,0.5106038647420711,Medium-High Risk
0e4280de,0.3357957148700218,Medium-Low Risk
09b8e785,0.2432492049050692,Low Risk
68198d93,0.3680829912784642,Medium-Low Risk
d5479db4,0.26066968657677253,Medium-Low Risk
62154055,0.33403163799465385,Medium-Low Risk
97045eb6,0.352376335205015,Medium-Low Risk
956005ab,0.15653313504932925,Low Risk
417f5867,0.10754870431190944,Low Risk
dbb83747,0.2664093553382235,Medium-Low Risk
c4c83ee6,0.41071745863642384,Medium-Low Risk
ccd937b8,0.20479375707368216,Low Risk
b02dee9c,0.6589469992662939,Medium-High Risk
2cc86dc1,0.13894705674738783,Low Risk
b09dd216,0.44712977095870554,Medium-Low Risk
3af761d0,0.1517487182916444,Low Risk
92647c39,0.46301106137778497,Medium-Low Risk
6717a1a3,0.16306372704662211,Low Risk
cc3dfb6a,0.12647789645511115,Low Risk
d87ad660,0.38672212374887943,Medium-Low Risk
0db1f74b,0.3270671852276862,Medium-Low Risk
9d0bde50,0.293422238004945,Medium-Low Risk
aa23f1f0,0.4833758446346512,Medium-Low Risk
b5db7693,0.292360283863061,Medium-Low Risk
8265855f,0.15512601530935763,Low Risk
926a4de6,0.24063959290194079,Low Risk
b919eeca,0.2690609819295014,Medium-Low Risk
599c361f,0.20051316625924698,Low Risk
a982882a,0.3108376166322102,Medium-Low Risk
5922d261,0.29737393345260127,Medium-Low Risk
ad540940,0.24950908203009267,Low Risk
d189701f,0.6767556979261704,Medium-High Risk
a2dd881e,0.41223859221382,Medium-Low Risk
838ca2b3,0.40851546945401856,Medium-Low Risk
d8e13589,0.37846924685309474,Medium-Low Risk
ae4aa5cf,0.06303945070838353,Low Risk
7167c72f,0.04625295947430299,Low Risk
250d39cb,0.3151189512169625,Medium-Low Risk
6c9197e8,0.2920388578422303,Medium-Low Risk
c82ac81c,0.16491937321276215,Low Risk
974da954,0.35912981512554265,Medium-Low Risk
36a0b154,0.43992343219724606,Medium-Low Risk
1b2014ec,0.20197888055527774,Low Risk
79070d83,0.3999372285393665,Medium-Low Risk
a46b6249,0.39360681397409336,Medium-Low Risk
7d88bca8,0.519942289786855,Medium-High Risk
ff81f975,0.6415621079046133,Medium-High Risk
811ab465,0.16917440501270387,Low Risk
ee147cca,0.2995680447056953,Medium-Low Risk
c823ce77,0.3099230166720535,Medium-Low Risk
3068a03e,0.11709814843992823,Low Risk
9c368468,0.16204117251523167,Low Risk
8209b2a0,0.3138366852493285,Medium-Low Risk
f3eb210e,0.2839858737494817,Medium-Low Risk
c80fe406,0.4537239216278795,Medium-Low Risk
726d4dfd,0.11738743967476835,Low Risk
68deb531,0.4952448661245089,Medium-Low Risk
0e0c2212,0.2876027386398741,Medium-Low Risk
6e69e08b,0.31608830985894054,Medium-Low Risk
fd62b30c,0.6203030099540257,Medium-High Risk
0f111c9b,0.5686108430859439,Medium-High Risk
ea950cc0,0.09285443163476403,Low Risk
e9bfb25c,0.31788076547759814,Medium-Low Risk
dc8c2cc3,0.2661482163002354,Medium-Low Risk
1c54ce8b,0.04745027187112053,Low Risk
a9431e50,0.30415511712237675,Medium-Low Risk
7a1787dc,0.45739582631178005,Medium-Low Risk
27f35403,0.1620538835531204,Low Risk
2883d02e,0.26418330754953734,Medium-Low Risk
d3e24bb5,0.6461896365886832,Medium-High Risk
eb601c15,0.512138769160805,Medium-High Risk
decee04f,0.10597465524001198,Low Risk
3273914b,0.19538514378464805,Low Risk
bbf9f5fe,0.35716336033908114,Medium-Low Risk
4609bc37,0.5426912918989394,Medium-High Risk
3d80c955,0.2911068623864893,Medium-Low Risk
d4e99858,0.33680903607068685,Medium-Low Risk
e1fdaeaa,0.1421307773034217,Low Risk
89633f45,0.21638543888773173,Low Risk
b4162b66,0.08243199789438517,Low Risk
ff79f140,0.3256033277432335,Medium-Low Risk
d9b5233a,0.38430797922209436,Medium-Low Risk
39fdf86e,0.3793223941146928,Medium-Low Risk
04f897f5,0.2783603906181661,Medium-Low Risk
0177ed5f,0.2555751919681743,Medium-Low Risk
47947b4c,0.34015409654496226,Medium-Low Risk
3f4c6d56,0.2542450353683956,Medium-Low Risk
b5aec5c3,0.46329679902573745,Medium-Low Risk
a045b770,0.1265648101252615,Low Risk
d86153e3,0.36624284711881966,Medium-Low Risk
0c0e65a4,0.4334688390085097,Medium-Low Risk
dd4a0d2d,0.3295643016517643,Medium-Low Risk
e7e3a8b0,0.39485802632692896,Medium-Low Risk
1e3e08fc,0.1972653343171836,Low Risk
96277898,0.20563072539576036,Low Risk
6c207d2a,0.5047611389665442,Medium-High Risk
8a5c31db,0.10924152441586464,Low Risk
86c9436f,0.3919623598195443,Medium-Low Risk
7c23e75e,0.6256307147592215,Medium-High Risk
7a480f7f,0.07955636405930455,Low Risk
afb9ab2c,0.1154798121696678,Low Risk
fbfad9de,0.10151753815360151,Low Risk
fabe7d5c,0.3711119938654706,Medium-Low Risk
a58bf05b,0.07898264638374469,Low Risk
dbe28988,0.141172216700314,Low Risk
ef5a212d,0.14465468793199118,Low Risk
b7fc5d61,0.1182800665871402,Low Risk
998a39aa,0.2967083426429139,Medium-Low Risk
9e2e849a,0.043967105809157865,Low Risk
54e55461,0.27299780960350917,Medium-Low Risk
b1e5f770,0.15724845347919084,Low Risk
207ecfc9,0.5188296160544481,Medium-High Risk
f9bd5b6e,0.29333642586122766,Medium-Low Risk
8ba38ed9,0.0846429714501924,Low Risk
62379003,0.30071437127913,Medium-Low Risk
744b2429,0.28143787566954037,Medium-Low Risk
cde44f96,0.14745844586155915,Low Risk
9caa7fdc,0.13087273410755978,Low Risk
0522b331,0.06262404843247478,Low Risk
344e0483,0.0731502263100444,Low Risk
224be699,0.4460531226906564,Medium-Low Risk
269c4e60,0.5019445660525937,Medium-High Risk
335b4b20,0.3630898327238135,Medium-Low Risk
357c3868,0.17201314674007462,Low Risk
a6c30232,0.4799247902089421,Medium-Low Risk
293124a7,0.5085567641927222,Medium-High Risk
5e72ea09,0.27777596795165904,Medium-Low Risk
660cb327,0.18593942849379508,Low Risk
a2d9fb74,0.025290699924466975,Low Risk
b60f9ab3,0.06281253808471886,Low Risk
817339ac,0.2705709151700871,Medium-Low Risk
2f8f3b33,0.28263772491546507,Medium-Low Risk
88feb000,0.1275881661498955,Low Risk
55616a7d,0.6961121657939966,Medium-High Risk
b2d5499f,0.14894809971386871,Low Risk
0a318094,0.4375292869662287,Medium-Low Risk
e62adc1e,0.21288837626408902,Low Risk
572c0422,0.26010517198537614,Medium-Low Risk
3c42efd4,0.14090328604174554,Low Risk
97d645e0,0.15661672259758283,Low Risk
a4eb52e8,0.16344123327389917,Low Risk
9e301c4f,0.15262940879314654,Low Risk
c2149c07,0.46961812351108556,Medium-Low Risk
94427825,0.3124293825591436,Medium-Low Risk
4d953b7c,0.24341480216544625,Low Risk
e548d139,0.20732821273653754,Low Risk
ad55bf27,0.7831080439789518,High Risk
0bae2f2d,0.6982992365232749,Medium-High Risk
5a4c13f1,0.5583547443930272,Medium-High Risk
c659c596,0.16901511774272773,Low Risk
2504b4ba,0.2706759189175233,Medium-Low Risk
b07c503c,0.1285635534175523,Low Risk
68c5d5c4,0.254269690694026,Medium-Low Risk
3299ea4c,0.13999684644614643,Low Risk
0f4c38b4,0.07130856488068343,Low Risk
1e587e04,0.13446364713042425,Low Risk
ff542590,0.2514004342255157,Medium-Low Risk
166ddb3a,0.15958775173633669,Low Risk
6c679551,0.3159010425913644,Medium-Low Risk
51dc42f2,0.13821675102033856,Low Risk
6321a9ef,0.5558413052624593,Medium-High Risk
03216cb4,0.18667859162846384,Low Risk
c84e7e18,0.11977195371905544,Low Risk
87bc8e5a,0.5535444422643822,Medium-High Risk
44b3f07a,0.12346758893113048,Low Risk
0279d0a7,0.14541772146487564,Low Risk
32e1912c,0.34030834111558195,Medium-Low Risk
93a839c4,0.226501003171648,Low Risk
3cfc52f3,0.13168818592541878,Low Risk
f7779dc8,0.17495130732622372,Low Risk
4fe58569,0.12572457501616602,Low Risk
6832d07e,0.3455868858763549,Medium-Low Risk
ec6df6c6,0.5075056262883223,Medium-High Risk
9256cb6d,0.5322686527460313,Medium-High Risk
e4892740,0.0621259728506585,Low Risk
01b0edf6,0.45184585070588007,Medium-Low Risk
f38faa04,0.4905278159842238,Medium-Low Risk
8f699df7,0.3339566691844488,Medium-Low Risk
65e7321a,0.6569830782957692,Medium-High Risk
53a3110b,0.34179708486589444,Medium-Low Risk
1d08e7c3,0.4125018335849521,Medium-Low Risk
071a8882,0.22467376209468645,Low Risk
2b0a8ba8,0.3288399100309332,Medium-Low Risk
246a70a6,0.4705271149443298,Medium-Low Risk
75703031,0.16937128169518553,Low Risk
2ea94d44,0.010496726816740735,Low Risk
3219e0f5,0.20554673227245376,Low Risk
aff0c4c3,0.10914419809330575,Low Risk
328cab7d,0.05353643689639834,Low Risk
bda544ec,0.2855794638407887,Medium-Low Risk
67e1eaf0,0.07706012031385981,Low Risk
0b1be2b8,0.4135529093662756,Medium-Low Risk
0aacb7a8,0.04396409928819914,Low Risk
328e4201,0.3135943348203903,Medium-Low Risk
a0ad55fc,0.7423982087811745,Medium-High Risk
f26c7944,0.4444005041411091,Medium-Low Risk
41d75955,0.2899914358090786,Medium-Low Risk
56edaaf5,0.289913995293016,Medium-Low Risk
ddff87dd,0.20942010705296002,Low Risk
70f300fa,0.1042109701215994,Low Risk
4e65e45e,0.1346751700988463,Low Risk
cc2832ba,0.5224271078832929,Medium-High Risk
b09baba0,0.1810031387492421,Low Risk
26f591b2,0.4183874776232673,Medium-Low Risk
695935d8,0.5447324124667152,Medium-High Risk
a9483c0c,0.27277576377473634,Medium-Low Risk
12e43255,0.14928716683415866,Low Risk
6f6da4c8,0.23053375807582668,Low Risk
35c456a1,0.30967857518740316,Medium-Low Risk
7d66cad7,0.42788760570392786,Medium-Low Risk
f8c957b0,0.3043801563840127,Medium-Low Risk
ffca3177,0.46612972860431534,Medium-Low Risk
890e8652,0.5767684627292332,Medium-High Risk
ec7c6c8a,0.392074894955082,Medium-Low Risk
f2fcfe25,0.23053154002665838,Low Risk
ad35e92d,0.20621081728805052,Low Risk
012a3553,0.2328294981552853,Low Risk
b1ff85c5,0.24715972340874043,Low Risk
01c0860d,0.36263407112936813,Medium-Low Risk
2ddf7f26,0.13061299450338187,Low Risk
d4691742,0.18765533168388113,Low Risk
b95013f1,0.3261312984953692,Medium-Low Risk
37b41a6c,0.36969822449155815,Medium-Low Risk
b03b2550,0.18871963928730556,Low Risk
23b47704,0.11222011547018082,Low Risk
026ffb43,0.14343423949344544,Low Risk
428ca558,0.20038139807531294,Low Risk
82b8665c,0.10082042449409186,Low Risk
88c79618,0.4747132836217377,Medium-Low Risk
b6e384ce,0.3442667173459718,Medium-Low Risk
a0e4b237,0.2704427100645444,Medium-Low Risk
3a47f9bd,0.44384891316880015,Medium-Low Risk
0e34a568,0.15399022074710494,Low Risk
1ff8e6d6,0.12548850401415354,Low Risk
bf9913dd,0.19461618193025707,Low Risk
f9450be9,0.292979316530535,Medium-Low Risk
cd1f2573,0.3353985869241107,Medium-Low Risk
f201803d,0.10275718450239373,Low Risk
31e59316,0.3579580015991389,Medium-Low Risk
e728588a,0.189640330477005,Low Risk
84ef9ce3,0.09769318468631628,Low Risk
713a8305,0.3037142952456883,Medium-Low Risk
4eff9854,0.3865010204208483,Medium-Low Risk
f02a4b71,0.12225518974946502,Low Risk
cc266f37,0.1958737333556726,Low Risk
52e1374a,0.4463295428457312,Medium-Low Risk
0acddc02,0.06064678538495148,Low Risk
c2d274aa,0.6330667924698788,Medium-High Risk
2d168116,0.223672667059707,Low Risk
52de1f9c,0.07837672033380028,Low Risk
9dc48356,0.1926436003071315,Low Risk
400e8f57,0.20047561091938543,Low Risk
c363b1ad,0.285545975031703,Medium-Low Risk
47c6c65c,0.10690091564028836,Low Risk
11c7cd6c,0.6815801769202303,Medium-High Risk
bf5d0f57,0.12775368486260383,Low Risk
6452bd08,0.09231724982820186,Low Risk
5e7c70cd,0.41856383420107374,Medium-Low Risk
a74c182c,0.459651433692072,Medium-Low Risk
8.09E+28,0.2501233410380974,Medium-Low Risk
3c08603a,0.031026410040068467,Low Risk
ca47ecd8,0.2527211679130673,Medium-Low Risk
9ac134bb,0.24841671536739424,Low Risk
d3ec8dac,0.16606361515792636,Low Risk
60b8427e,0.2087027197275662,Low Risk
cf65cb6d,0.4904741885154128,Medium-Low Risk
be721f54,0.07711625399584557,Low Risk
95ab0bc5,0.14753247462693855,Low Risk
b4caec29,0.4282619427746833,Medium-Low Risk
48669912,0.3948370152590857,Medium-Low Risk
3ce8e9ed,0.043120303228884015,Low Risk
26c3dddd,0.08887957397599082,Low Risk
51b5ab9b,0.3782703432332844,Medium-Low Risk
62a78c32,0.08531665359130483,Low Risk
4936a505,0.16376670772526045,Low Risk
2522b4fe,0.4859628944013911,Medium-Low Risk
84a7eaf5,0.18322001239021735,Low Risk
08dd9dac,0.19684726879540454,Low Risk
5b80ded5,0.22220836991799506,Low Risk
bc3a6272,0.8022249578547747,High Risk
66df6d5a,0.08397131239571376,Low Risk
b8796e2e,0.2056220468319257,Low Risk
71a00b5e,0.5373235516799975,Medium-High Risk
08d93405,0.7449733383364152,Medium-High Risk
ef8d6878,0.2304892690208144,Low Risk
8b1eb4a9,0.3053403003508218,Medium-Low Risk
e8401018,0.186345898929902,Low Risk
8f18449c,0.2175019976449829,Low Risk
b7e290eb,0.21347209804404182,Low Risk
7c6db591,0.40767290537172424,Medium-Low Risk
93779b01,0.2689080424495345,Medium-Low Risk
a9629fa4,0.11114069793935732,Low Risk
85994955,0.20418797237315273,Low Risk
f9f0169c,0.22063086285269667,Low Risk
62a909fb,0.14858632776767353,Low Risk
54240662,0.2395230193973573,Low Risk
e683ea04,0.496472774139836,Medium-Low Risk
242ff816,0.3192934277939773,Medium-Low Risk
f6364d60,0.25580079161416386,Medium-Low Risk
1f5135c3,0.08723894919709287,Low Risk
1b99b648,0.1779566982687665,Low Risk
2b84dfe0,0.06735691263753721,Low Risk
b5ce8afc,0.2701734663048267,Medium-Low Risk
641f2147,0.44253785626314773,Medium-Low Risk
53826690,0.4254994158910977,Medium-Low Risk
7a03b549,0.09208154781827063,Low Risk
5550ec46,0.36288063339729937,Medium-Low Risk
dcc03438,0.47473636301208944,Medium-Low Risk
9901c7de,0.2539982964052356,Medium-Low Risk
7f69270a,0.3006861491314272,Medium-Low Risk
f7dbb5bd,0.26667033547729857,Medium-Low Risk
f13ea268,0.220376808430117,Low Risk
4b50ba06,0.15065961255845617,Low Risk
0b51084d,0.3527263099926767,Medium-Low Risk
b8241b24,0.02003129403971689,Low Risk
624eb18c,0.1351899095299033,Low Risk
1ec9c089,0.4069759178322117,Medium-Low Risk
4a36c4e0,0.3640054507863362,Medium-Low Risk
0a419b45,0.16015409692225427,Low Risk
1eda1691,0.31092334425540824,Medium-Low Risk
01a4ff82,0.2785348733954217,Medium-Low Risk
046d7894,0.34485452679327694,Medium-Low Risk
d28046bc,0.19793328518499986,Low Risk
c37c0096,0.2831146869936559,Medium-Low Risk
5e060b04,0.5073819059496328,Medium-High Risk
f53a20ef,0.22327309832357406,Low Risk
34e9e182,0.5837059418495678,Medium-High Risk
57797bda,0.8238900252897343,High Risk
293115df,0.23771570323049063,Low Risk
9379e3f2,0.1637500161662729,Low Risk
0b5ebeaa,0.05016055758062449,Low Risk
9caee735,0.28705921673173845,Medium-Low Risk
a35c7842,0.3323172374833647,Medium-Low Risk
5da2a068,0.5593416200144635,Medium-High Risk
790d6039,0.5529004711726637,Medium-High Risk
3fa56b2f,0.7169576130212814,Medium-High Risk
c369446c,0.26695948928625374,Medium-Low Risk
bb428b4d,0.35859972395479023,Medium-Low Risk
00d5bda3,0.1820587681477906,Low Risk
ede66c35,0.3161711661115957,Medium-Low Risk
9716c60e,0.17656668768638267,Low Risk
6475a0ed,0.3942827821633925,Medium-Low Risk
2c95542c,0.3221723667926469,Medium-Low Risk
f21d625b,0.20449957820075615,Low Risk
12d58408,0.16409348680473007,Low Risk
2296c882,0.4191943013011003,Medium-Low Risk
ce838c4f,0.5135922923393973,Medium-High Risk
c2c07b05,0.29234410066403166,Medium-Low Risk
a09aba1d,0.34743077776729014,Medium-Low Risk
aa741268,0.1510561631879916,Low Risk
18f0e6f8,0.4161994165315313,Medium-Low Risk
b36727bc,0.17836401013911174,Low Risk
27565665,0.4834408942191683,Medium-Low Risk
6c9d3c40,0.25314682083150836,Medium-Low Risk
f84c1547,0.3136557724939753,Medium-Low Risk
9db596eb,0.3658383246768968,Medium-Low Risk
ee14f4a6,0.23076172983367682,Low Risk
f312b5da,0.27528066633163734,Medium-Low Risk
1a7f1c16,0.2804361750714922,Medium-Low Risk
5fe90f9b,0.3470143363179827,Medium-Low Risk
5fb6d997,0.3297332031077896,Medium-Low Risk
c2370af2,0.21864895051271083,Low Risk
157cd419,0.557586421129481,Medium-High Risk
a1f12a6c,0.7145952161619472,Medium-High Risk
d360368b,0.5120808570519585,Medium-High Risk
3a296b6c,0.060072995760171506,Low Risk
1a1279f8,0.26634263422656507,Medium-Low Risk
dbfac7a1,0.4956977916732852,Medium-Low Risk
ffe6c9e9,0.05718045247479966,Low Risk
d55b8d32,0.641666178761998,Medium-High Risk
d4e550ef,0.3444196998134232,Medium-Low Risk
a905dc28,0.20657911572472007,Low Risk
fffb525d,0.534836053108486,Medium-High Risk
b119ccc5,0.4178406894388032,Medium-Low Risk
3e8c2a01,0.37593428680956265,Medium-Low Risk
af45bd51,0.1044995975772495,Low Risk
012f0e15,0.09387697129989735,Low Risk
c37f2ebf,0.09564107759920336,Low Risk
06acbf85,0.17231952971259923,Low Risk
1e05b8c4,0.30578421846512704,Medium-Low Risk
0bb2468d,0.29592848504046115,Medium-Low Risk
54c07c11,0.15755286800431523,Low Risk
5ccac519,0.2538834776975644,Medium-Low Risk
6f975ef6,0.07508634005221798,Low Risk
d05744f2,0.03035819689774171,Low Risk
3c046694,0.41808936035320277,Medium-Low Risk
f90aaa5d,0.2222669315840019,Low Risk
ef67e31b,0.07727802042075703,Low Risk
360ed942,0.30211785477481645,Medium-Low Risk
64de3268,0.1103871247516519,Low Risk
3173b081,0.10937681171975508,Low Risk
01c63d8e,0.3469399493137386,Medium-Low Risk
fcbbbef0,0.180210168234,Low Risk
ce0fda0a,0.1579080487739363,Low Risk
026b60ee,0.4346231608457154,Medium-Low Risk
cd20229a,0.5516729553715644,Medium-High Risk
f7312aa8,0.2636627343425356,Medium-Low Risk
c62748b6,0.1425804748517428,Low Risk
7973fc92,0.25102948181995316,Medium-Low Risk
c54b46f0,0.2857910119049024,Medium-Low Risk
c8c41b33,0.15153300824643492,Low Risk
64e42473,0.03036866630741153,Low Risk
85857de6,0.14441830773023986,Low Risk
a40e05c1,0.21622147128866906,Low Risk
a024a368,0.17852963137509467,Low Risk
e63b3cba,0.17551679596138559,Low Risk
8b5cd67d,0.2210788349017094,Low Risk
380bd7cc,0.12761398145021374,Low Risk
52d3b4c8,0.0966651781801293,Low Risk
877de375,0.3618538585730009,Medium-Low Risk
da6dbb08,0.24780607530710808,Low Risk
232f671f,0.3133759686527122,Medium-Low Risk
11edb733,0.29336607899065537,Medium-Low Risk
a500afe1,0.15137044870031627,Low Risk
79c98d49,0.09004514827019244,Low Risk
08a278cd,0.01522927878883633,Low Risk
b5338672,0.4029331832016757,Medium-Low Risk
20f326a5,0.09497511459251859,Low Risk
95489a00,0.2244947509132596,Low Risk
d3b44e44,0.49802674316382617,Medium-Low Risk
0af61868,0.17686568633068825,Low Risk
29ab6f3f,0.26565637542317433,Medium-Low Risk
e97ec0e0,0.20838504087749923,Low Risk
6fa65e5e,0.3528306928916562,Medium-Low Risk
a98bb7aa,0.13947550040251194,Low Risk
c21ae5a1,0.4754668417158501,Medium-Low Risk
c1843069,0.2706904059662881,Medium-Low Risk
1cdac474,0.25858020750772387,Medium-Low Risk
765fff3b,0.06651559701068227,Low Risk
af1c7a87,0.31267342742740173,Medium-Low Risk
61b67baf,0.08079688502111226,Low Risk
071c1880,0.14600453687770268,Low Risk
06dfa6a3,0.27320553001288345,Medium-Low Risk
a0cc389a,0.055535876189012234,Low Risk
64bcc561,0.5530413745780765,Medium-High Risk
f37b16d4,0.32507283433949197,Medium-Low Risk
35998753,0.19398919363696207,Low Risk
19e0d9d3,0.2485673519301816,Low Risk
11029f56,0.3604515255922455,Medium-Low Risk
3eb7edb4,0.18076716125647052,Low Risk
9e32a219,0.3796718632158002,Medium-Low Risk
b0c31563,0.39947946850704685,Medium-Low Risk
fd4ffb55,0.45894628123487163,Medium-Low Risk
311a7df5,0.4694942137937096,Medium-Low Risk
05339eaf,0.2924385570925316,Medium-Low Risk
9108e3de,0.14395226606519335,Low Risk
2c435787,0.13174158772797384,Low Risk
e523a957,0.4602299391547099,Medium-Low Risk
e56767cf,0.23499024325531795,Low Risk
868cd194,0.4495934232374633,Medium-Low Risk
10dabaca,0.36782328448089535,Medium-Low Risk
5f13e12d,0.4480381868784113,Medium-Low Risk
6e578e1b,0.2111992483830322,Low Risk
69e592f6,0.2361882965356231,Low Risk
98e4577e,0.46919062356988994,Medium-Low Risk
0e4db07d,0.727756955942069,Medium-High Risk
7b67b89d,0.6052745198109093,Medium-High Risk
9ff7cf01,0.4526487278426809,Medium-Low Risk
23a5ee4a,0.06756393179605284,Low Risk
f9235b11,0.22174467264209635,Low Risk
3b689e3b,0.2442551407379312,Low Risk
379c10a1,0.13051811758424833,Low Risk
0fc88310,0.5863697762817643,Medium-High Risk
d125cd5b,0.10366898463427325,Low Risk
1892831c,0.028443282915324972,Low Risk
c8377e37,0.3168695180656304,Medium-Low Risk
f713bcd4,0.13262082413476645,Low Risk
1844e2c4,0.14844305199611652,Low Risk
ecd7ba0e,0.3792789568204569,Medium-Low Risk
0f4994af,0.2464877303977289,Low Risk
df2b837a,0.10158748453114164,Low Risk
ac376335,0.1787382964599637,Low Risk
01cf7b40,0.14223027882122974,Low Risk
2e3d2e76,0.06312911423308837,Low Risk
ee9cdd1a,0.4004505792596211,Medium-Low Risk
c7f5a4a2,0.20552650302948997,Low Risk
1ac57404,0.3020431190386625,Medium-Low Risk
448bb5ec,0.35377357454062147,Medium-Low Risk
5f5eecd9,0.41241429043417194,Medium-Low Risk
0e4770a7,0.14009579816868742,Low Risk
c09a315b,0.20421995990198316,Low Risk
4a8112fe,0.07069378356904582,Low Risk
885be06c,0.2001254558502984,Low Risk
1bdc27c3,0.3111842146156425,Medium-Low Risk
0a37f9af,0.161312508455707,Low Risk
d855185c,0.36687683122374354,Medium-Low Risk
11ee7678,0.2135520824039481,Low Risk
655dab4a,0.44260830335663687,Medium-Low Risk
32dca4d5,0.2878433681866919,Medium-Low Risk
7833e777,0.19835893422184905,Low Risk
5c0601a2,0.4822349184124331,Medium-Low Risk
bc0e04ce,0.6282800586891509,Medium-High Risk
b009bd86,0.17236496108906257,Low Risk
c766025d,0.6919581540206307,Medium-High Risk
507d2705,0.30420764228071573,Medium-Low Risk
bee6f560,0.16736720991875437,Low Risk
49a9d7fa,0.5090790029157672,Medium-High Risk
7c31eb96,0.5071949979921146,Medium-High Risk
e9a97fdc,0.08309283243095639,Low Risk
17b72bab,0.47693831891338395,Medium-Low Risk
ac9f7073,0.002688669986361609,Low Risk
d181f3b3,0.4447409105361546,Medium-Low Risk
9828b73c,0.4381649619688739,Medium-Low Risk
87c0771b,0.5242255493903306,Medium-High Risk
1c95f015,0.6227958947465171,Medium-High Risk
f7136abb,0.6088488728336034,Medium-High Risk
5e002d6b,0.24329982241204756,Low Risk
52acfbac,0.2928799226665921,Medium-Low Risk
fa5f58d1,0.3367319022163531,Medium-Low Risk
961e6577,0.2958756882512747,Medium-Low Risk
77a8b54a,0.18047388503707665,Low Risk
54643ae7,0.37017625073050026,Medium-Low Risk
19dda843,0.19409733981861726,Low Risk
b33fc6cb,0.092380084415448,Low Risk
3812c4ee,0.3980595582936925,Medium-Low Risk
63eff67e,0.23428552828393914,Low Risk
f3ba2a6d,0.15755282763755166,Low Risk
3e5ac0ee,0.1440694566438682,Low Risk
1b77fbd0,0.3516028744089934,Medium-Low Risk
74c002f8,0.2709613836510747,Medium-Low Risk
cfbc51d8,0.25407048129968274,Medium-Low Risk
c32ae63f,0.378647342982596,Medium-Low Risk
dc758a61,0.4790837184115645,Medium-Low Risk
0c22f517,0.2130530209764016,Low Risk
694db98b,0.2418624801762173,Low Risk
54768850,0.2370784756736811,Low Risk
739376d2,0.24911995435797207,Low Risk
5444f88c,0.17599136255883954,Low Risk
3d00b9ca,0.2863739354179868,Medium-Low Risk
a2892004,0.3580399245709477,Medium-Low Risk
96471aab,0.45034423642694216,Medium-Low Risk
90ea32ad,0.3676359840419426,Medium-Low Risk
20326773,0.2673550111979965,Medium-Low Risk
84bc935c,0.28325413258161813,Medium-Low Risk
4df767d7,0.2859808169631395,Medium-Low Risk
057dd1b3,0.18357361903001765,Low Risk
62d089a7,0.21858266283207164,Low Risk
aac1e99d,0.012110293209531896,Low Risk
6d1a5987,0.4171167327167469,Medium-Low Risk
d21ce4ef,0.5469745652908555,Medium-High Risk
70a5dc07,0.7217020441188143,Medium-High Risk
c58e2412,0.1518101380251458,Low Risk
15047db1,0.25848807464079815,Medium-Low Risk
3a5a4ac6,0.11136547127114588,Low Risk
32831c50,0.4913985363733024,Medium-Low Risk
df0aaa8d,0.1760265450012218,Low Risk
9536ec88,0.2872965027472038,Medium-Low Risk
4aa5bb82,0.3494533162452429,Medium-Low Risk
a6859260,0.46154986453789426,Medium-Low Risk
a635b43b,0.2845516084651247,Medium-Low Risk
85f1427f,0.045642033700313035,Low Risk
40b62a16,0.09414943488831261,Low Risk
e8c6770b,0.4068586610465973,Medium-Low Risk
8450fe9e,0.12327500678379184,Low Risk
ba63f82c,0.4489459559606917,Medium-Low Risk
36aef680,0.3274054388208438,Medium-Low Risk
6960de8b,0.40265049626167354,Medium-Low Risk
0b1d7054,0.3799312616244351,Medium-Low Risk
272f6f80,0.21197437595449645,Low Risk
f09df16e,0.5473161578466692,Medium-High Risk
e112b2c8,0.4803196787376623,Medium-Low Risk
fc632ab1,0.10825309551809678,Low Risk
97eace3e,0.3301405935761583,Medium-Low Risk
2bf63daa,0.2753462523713535,Medium-Low Risk
3b8142c2,0.37381698358545934,Medium-Low Risk
25cd5d60,0.09737604401315628,Low Risk
bd98e172,0.3964723725924512,Medium-Low Risk
dff6c023,0.1901389547124597,Low Risk
8c867ff9,0.17741842685378814,Low Risk
05cb3b30,0.09961256058630345,Low Risk
fb5f3b17,0.8332792469945813,High Risk
0a14b2af,0.255783968573456,Medium-Low Risk
c1dc776a,0.2111637050418154,Low Risk
79ecb6b7,0.4753623215061097,Medium-Low Risk
70813884,0.314585566225722,Medium-Low Risk
3c26fc5a,0.33634479400921463,Medium-Low Risk
9bf2290b,0.6159032074354639,Medium-High Risk
816a9c71,0.11313856920917237,Low Risk
4.68E+11,0.3548800832678785,Medium-Low Risk
ca83af7e,0.01843280186654487,Low Risk
86fcfefe,0.13760057846908888,Low Risk
b0142ea6,0.16278766448546936,Low Risk
953805f0,0.4054366595584845,Medium-Low Risk
3c120430,0.5975434122929545,Medium-High Risk
6ffd67f0,0.6669107758486384,Medium-High Risk
afad29ed,0.2622728286083235,Medium-Low Risk
f44128d1,0.5147526454227378,Medium-High Risk
9bcb60ec,0.49449778015676776,Medium-Low Risk
a26f3975,0.17581581558050582,Low Risk
c9e6afaa,0.11852305838460578,Low Risk
27b10a36,0.07226810525028893,Low Risk
cbb757f5,0.48427385492003516,Medium-Low Risk
2aa84d40,0.7124222404682299,Medium-High Risk
196a3da0,0.19378964542030647,Low Risk
4031618e,0.5182246577053534,Medium-High Risk
3cf0c354,0.39279875720142926,Medium-Low Risk
b564e260,0.6572981223242346,Medium-High Risk
78ab067e,0.2899273607156972,Medium-Low Risk
de83f6f4,0.26035144587126574,Medium-Low Risk
53f114f3,0.10422299476833874,Low Risk
d70de9a7,0.10102709713823871,Low Risk
8e04acc1,0.5366252145484617,Medium-High Risk
2873d9d1,0.3296626917646943,Medium-Low Risk
b9c2f37a,0.25325275952983795,Medium-Low Risk
b9360919,0.34879073632496155,Medium-Low Risk
59f16623,0.2132054150612636,Low Risk
c71f9dae,0.42575448713368924,Medium-Low Risk
3.55E+05,0.47507421067842986,Medium-Low Risk
39b8984c,0.10578806333168106,Low Risk
3c53cbc1,0.15993851259082126,Low Risk
55c823e7,0.27602222614944155,Medium-Low Risk
52421009,0.5742889779134444,Medium-High Risk
0e123beb,0.1081018532845631,Low Risk
bca73883,0.3348162516976507,Medium-Low Risk
0f6f67b0,0.5756739351625362,Medium-High Risk
601d9d26,0.30859414379732414,Medium-Low Risk
ea8670e7,0.15655565831378804,Low Risk
50bb84a3,0.3817669444422407,Medium-Low Risk
a1d1d855,0.12954105485305115,Low Risk
2db3122b,0.2701397702505577,Medium-Low Risk
10be4b4c,0.5169721274089027,Medium-High Risk
b4a65fde,0.1531697052345216,Low Risk
c54be95a,0.1521950495350893,Low Risk
421aec8b,0.28785248900416255,Medium-Low Risk
300ddfbc,0.36439159528641984,Medium-Low Risk
455ca878,0.3033431777006538,Medium-Low Risk
57480056,0.43109911126656375,Medium-Low Risk
db520a0d,0.3291924206309973,Medium-Low Risk
90758512,0.2001267472138368,Low Risk
5724f683,0.09736521123349874,Low Risk
3417b25d,0.3073170214065676,Medium-Low Risk
d4876e5e,0.32917554441829916,Medium-Low Risk
fd35a114,0.276194395519785,Medium-Low Risk
f4315468,0.4681931016946714,Medium-Low Risk
6bd21ccf,0.5925730248471792,Medium-High Risk
39efba70,0.36491814843371695,Medium-Low Risk
6ffcf8e2,0.2575335627342325,Medium-Low Risk
a050e91a,0.1571091900348701,Low Risk
e0d06535,0.08899358641593653,Low Risk
a495eaf3,0.5866152189784658,Medium-High Risk
1d07a8b2,0.2787835057899029,Medium-Low Risk
e0d2e878,0.35151465876192556,Medium-Low Risk
d844716f,0.23535304768381127,Low Risk
8f77f8e4,0.4553822877414119,Medium-Low Risk
a199082b,0.42760414846373024,Medium-Low Risk
9c2e3be7,0.09728859972513308,Low Risk
89cb3dd5,0.3788310369415309,Medium-Low Risk
003c1999,0.3775074114905273,Medium-Low Risk
